Title,Rating,Price,Available
A Light in the Attic,Three,Â£51.77,True
Tipping the Velvet,One,Â£53.74,True
Soumission,One,Â£50.10,True
Sharp Objects,Four,Â£47.82,True
Sapiens: A Brief History of Humankind,Five,Â£54.23,True
The Requiem Red,One,Â£22.65,True
The Dirty Little Secrets of Getting Your Dream Job,Four,Â£33.34,True
"The Coming Woman: A Novel Based on the Life of the Infamous Feminist, Victoria Woodhull",Three,Â£17.93,True
The Boys in the Boat: Nine Americans and Their Epic Quest for Gold at the 1936 Berlin Olympics,Four,Â£22.60,True
The Black Maria,One,Â£52.15,True
"Starving Hearts (Triangular Trade Trilogy, #1)",Two,Â£13.99,True
Shakespeare's Sonnets,Four,Â£20.66,True
Set Me Free,Five,Â£17.46,True
Scott Pilgrim's Precious Little Life (Scott Pilgrim #1),Five,Â£52.29,True
Rip it Up and Start Again,Five,Â£35.02,True
"Our Band Could Be Your Life: Scenes from the American Indie Underground, 1981-1991",Three,Â£57.25,True
Olio,One,Â£23.88,True
Mesaerion: The Best Science Fiction Stories 1800-1849,One,Â£37.59,True
Libertarianism for Beginners,Two,Â£51.33,True
It's Only the Himalayas,Two,Â£45.17,True
In Her Wake,One,Â£12.84,True
How Music Works,Two,Â£37.32,True
"Foolproof Preserving: A Guide to Small Batch Jams, Jellies, Pickles, Condiments, and More: A Foolproof Guide to Making Small Batch Jams, Jellies, Pickles, Condiments, and More",Three,Â£30.52,True
Chase Me (Paris Nights #2),Five,Â£25.27,True
Black Dust,Five,Â£34.53,True
Birdsong: A Story in Pictures,Three,Â£54.64,True
America's Cradle of Quarterbacks: Western Pennsylvania's Football Factory from Johnny Unitas to Joe Montana,Three,Â£22.50,True
Aladdin and His Wonderful Lamp,Three,Â£53.13,True
Worlds Elsewhere: Journeys Around Shakespeareâs Globe,Five,Â£40.30,True
Wall and Piece,Four,Â£44.18,True
The Four Agreements: A Practical Guide to Personal Freedom,Five,Â£17.66,True
The Five Love Languages: How to Express Heartfelt Commitment to Your Mate,Three,Â£31.05,True
The Elephant Tree,Five,Â£23.82,True
The Bear and the Piano,One,Â£36.89,True
Sophie's World,Five,Â£15.94,True
Penny Maybe,Three,Â£33.29,True
Maude (1883-1993):She Grew Up with the country,Two,Â£18.02,True
"In a Dark, Dark Wood",One,Â£19.63,True
Behind Closed Doors,Four,Â£52.22,True
You can't bury them all: Poems,Two,Â£33.63,True
Slow States of Collapse: Poems,Three,Â£57.31,True
Reasons to Stay Alive,Two,Â£26.41,True
Private Paris (Private #10),Five,Â£47.61,True
#HigherSelfie: Wake Up Your Life. Free Your Soul. Find Your Tribe.,Five,Â£23.11,True
Without Borders (Wanderlove #1),Two,Â£45.07,True
When We Collided,One,Â£31.77,True
"We Love You, Charlie Freeman",Five,Â£50.27,True
Untitled Collection: Sabbath Poems 2014,Four,Â£14.27,True
"Unseen City: The Majesty of Pigeons, the Discreet Charm of Snails & Other Wonders of the Urban Wilderness",Four,Â£44.18,True
Unicorn Tracks,Three,Â£18.78,True
"Unbound: How Eight Technologies Made Us Human, Transformed Society, and Brought Our World to the Brink",One,Â£25.52,True
Tsubasa: WoRLD CHRoNiCLE 2 (Tsubasa WoRLD CHRoNiCLE #2),One,Â£16.28,True
Throwing Rocks at the Google Bus: How Growth Became the Enemy of Prosperity,Three,Â£31.12,True
This One Summer,Four,Â£19.49,True
Thirst,Five,Â£17.27,True
The Torch Is Passed: A Harding Family Story,One,Â£19.09,True
The Secret of Dreadwillow Carse,One,Â£56.13,True
"The Pioneer Woman Cooks: Dinnertime: Comfort Classics, Freezer Food, 16-Minute Meals, and Other Delicious Ways to Solve Supper!",One,Â£56.41,True
The Past Never Ends,Four,Â£56.50,True
The Natural History of Us (The Fine Art of Pretending #2),Three,Â£45.22,True
The Nameless City (The Nameless City #1),Four,Â£38.16,True
The Murder That Never Was (Forensic Instincts #5),Three,Â£54.11,True
The Most Perfect Thing: Inside (and Outside) a Bird's Egg,Four,Â£42.96,True
"The Mindfulness and Acceptance Workbook for Anxiety: A Guide to Breaking Free from Anxiety, Phobias, and Worry Using Acceptance and Commitment Therapy",Four,Â£23.89,True
The Life-Changing Magic of Tidying Up: The Japanese Art of Decluttering and Organizing,Three,Â£16.77,True
"The Inefficiency Assassin: Time Management Tactics for Working Smarter, Not Longer",Five,Â£20.59,True
The Gutsy Girl: Escapades for Your Life of Epic Adventure,One,Â£37.13,True
The Electric Pencil: Drawings from Inside State Hospital No. 3,One,Â£56.06,True
The Death of Humanity: and the Case for Life,Four,Â£58.11,True
"The Bulletproof Diet: Lose up to a Pound a Day, Reclaim Energy and Focus, Upgrade Your Life",Three,Â£49.05,True
The Art Forger,Three,Â£40.76,True
The Age of Genius: The Seventeenth Century and the Birth of the Modern Mind,One,Â£19.73,True
The Activist's Tao Te Ching: Ancient Advice for a Modern Revolution,Five,Â£32.24,True
Spark Joy: An Illustrated Master Class on the Art of Organizing and Tidying Up,Four,Â£41.83,True
Soul Reader,Two,Â£39.58,True
Security,Two,Â£39.25,True
"Saga, Volume 6 (Saga (Collected Editions) #6)",Three,Â£25.02,True
"Saga, Volume 5 (Saga (Collected Editions) #5)",Two,Â£51.04,True
Reskilling America: Learning to Labor in the Twenty-First Century,Two,Â£19.83,True
"Rat Queens, Vol. 3: Demons (Rat Queens (Collected Editions) #11-15)",Three,Â£50.40,True
"Princess Jellyfish 2-in-1 Omnibus, Vol. 01 (Princess Jellyfish 2-in-1 Omnibus #1)",Five,Â£13.61,True
Princess Between Worlds (Wide-Awake Princess #5),Five,Â£13.34,True
"Pop Gun War, Volume 1: Gift",One,Â£18.97,True
"Political Suicide: Missteps, Peccadilloes, Bad Calls, Backroom Hijinx, Sordid Pasts, Rotten Breaks, and Just Plain Dumb Mistakes in the Annals of American Politics",Two,Â£36.28,True
Patience,Three,Â£10.16,True
"Outcast, Vol. 1: A Darkness Surrounds Him (Outcast #1)",Four,Â£15.44,True
orange: The Complete Collection 1 (orange: The Complete Collection #1),One,Â£48.41,True
Online Marketing for Busy Authors: A Step-By-Step Guide,One,Â£46.35,True
On a Midnight Clear,Three,Â£14.07,True
Obsidian (Lux #1),Two,Â£14.86,True
My Paris Kitchen: Recipes and Stories,Two,Â£33.37,True
Masks and Shadows,Two,Â£56.40,True
"Mama Tried: Traditional Italian Cooking for the Screwed, Crude, Vegan, and Tattooed",Four,Â£14.02,True
"Lumberjanes, Vol. 2: Friendship to the Max (Lumberjanes #5-8)",Two,Â£46.91,True
"Lumberjanes, Vol. 1: Beware the Kitten Holy (Lumberjanes #1-4)",Three,Â£45.61,True
Lumberjanes Vol. 3: A Terrible Plan (Lumberjanes #9-12),Two,Â£19.92,True
"Layered: Baking, Building, and Styling Spectacular Cakes",One,Â£40.11,True
Judo: Seven Steps to Black Belt (an Introductory Guide for Beginners),Two,Â£53.90,True
Join,Five,Â£35.67,True
In the Country We Love: My Family Divided,Four,Â£22.00,True
Immunity: How Elie Metchnikoff Changed the Course of Modern Medicine,Five,Â£57.36,True
"I Hate Fairyland, Vol. 1: Madly Ever After (I Hate Fairyland (Compilations) #1-5)",Two,Â£29.17,True
I am a Hero Omnibus Volume 1,Three,Â£54.63,True
How to Be Miserable: 40 Strategies You Already Use,One,Â£46.03,True
Her Backup Boyfriend (The Sorensen Family #1),One,Â£33.97,True
"Giant Days, Vol. 2 (Giant Days #5-8)",Two,Â£22.11,True
Forever and Forever: The Courtship of Henry Longfellow and Fanny Appleton,Three,Â£29.69,True
First and First (Five Boroughs #3),Four,Â£15.97,True
Fifty Shades Darker (Fifty Shades #2),One,Â£21.96,True
Everydata: The Misinformation Hidden in the Little Data You Consume Every Day,Two,Â£54.35,True
"Don't Be a Jerk: And Other Practical Advice from Dogen, Japan's Greatest Zen Master",Two,Â£37.97,True
Danganronpa Volume 1,Four,Â£51.99,True
Crown of Midnight (Throne of Glass #2),Three,Â£43.29,True
"Codename Baboushka, Volume 1: The Conclave of Death",Four,Â£36.72,True
Camp Midnight,Four,Â£17.08,True
Call the Nurse: True Stories of a Country Nurse on a Scottish Isle,Five,Â£29.14,True
Burning,Three,Â£28.81,True
Bossypants,Two,Â£49.46,True
"Bitch Planet, Vol. 1: Extraordinary Machine (Bitch Planet (Collected Editions))",Two,Â£37.92,True
"Avatar: The Last Airbender: Smoke and Shadow, Part 3 (Smoke and Shadow #3)",Two,Â£28.09,True
Algorithms to Live By: The Computer Science of Human Decisions,One,Â£30.81,True
A World of Flavor: Your Gluten Free Passport,One,Â£42.95,True
"A Piece of Sky, a Grain of Rice: A Memoir in Four Meditations",Five,Â£56.76,True
A Murder in Time,One,Â£16.64,True
A Flight of Arrows (The Pathfinders #2),Five,Â£55.53,True
A Fierce and Subtle Poison,Four,Â£28.13,True
A Court of Thorns and Roses (A Court of Thorns and Roses #1),One,Â£52.37,True
(Un)Qualified: How God Uses Broken People to Do Big Things,Five,Â£54.00,True
You Are What You Love: The Spiritual Power of Habit,Four,Â£21.87,True
"William Shakespeare's Star Wars: Verily, A New Hope (William Shakespeare's Star Wars #4)",Four,Â£43.30,True
Tuesday Nights in 1980,Two,Â£21.04,True
Tracing Numbers on a Train,Three,Â£41.60,True
Throne of Glass (Throne of Glass #1),Three,Â£35.07,True
Thomas Jefferson and the Tripoli Pirates: The Forgotten War That Changed American History,One,Â£59.64,True
Thirteen Reasons Why,One,Â£52.72,True
The White Cat and the Monk: A Retelling of the Poem âPangur BÃ¡nâ,Four,Â£58.08,True
The Wedding Dress,One,Â£24.12,True
The Vacationers,Four,Â£42.15,True
The Third Wave: An Entrepreneurâs Vision of the Future,Five,Â£12.61,True
The Stranger,Four,Â£17.44,True
The Shadow Hero (The Shadow Hero),One,Â£33.14,True
The Secret (The Secret #1),Four,Â£27.37,True
The Regional Office Is Under Attack!,Five,Â£51.36,True
The Psychopath Test: A Journey Through the Madness Industry,Two,Â£36.00,True
The Project,One,Â£10.65,True
The Power of Now: A Guide to Spiritual Enlightenment,Two,Â£43.54,True
The Omnivore's Dilemma: A Natural History of Four Meals,Two,Â£38.21,True
The Nerdy Nummies Cookbook: Sweet Treats for the Geek in All of Us,Five,Â£37.34,True
The Murder of Roger Ackroyd (Hercule Poirot #4),Four,Â£44.10,True
The Mistake (Off-Campus #2),Three,Â£43.29,True
The Matchmaker's Playbook (Wingmen Inc. #1),One,Â£55.85,True
The Love and Lemons Cookbook: An Apple-to-Zucchini Celebration of Impromptu Cooking,Two,Â£37.60,True
The Long Shadow of Small Ghosts: Murder and Memory in an American City,One,Â£10.97,True
The Kite Runner,Four,Â£41.82,True
The House by the Lake,One,Â£36.95,True
The Glittering Court (The Glittering Court #1),One,Â£44.28,True
The Girl on the Train,Two,Â£55.02,True
The Genius of Birds,One,Â£17.24,True
The Emerald Mystery,Two,Â£23.15,True
The Cookies & Cups Cookbook: 125+ sweet & savory recipes reminding you to Always Eat Dessert First,One,Â£41.25,True
The Bridge to Consciousness: I'm Writing the Bridge Between Science and Our Old and New Beliefs.,Three,Â£32.00,True
The Artist's Way: A Spiritual Path to Higher Creativity,Five,Â£38.49,True
The Art of War,Five,Â£33.34,True
The Argonauts,Two,Â£10.93,True
The 10% Entrepreneur: Live Your Startup Dream Without Quitting Your Day Job,Three,Â£27.55,True
Suddenly in Love (Lake Haven #1),Two,Â£55.99,True
Something More Than This,Four,Â£16.24,True
Soft Apocalypse,Two,Â£26.12,True
So You've Been Publicly Shamed,Two,Â£12.23,True
Shoe Dog: A Memoir by the Creator of NIKE,Two,Â£23.99,True
"Shobu Samurai, Project Aryoku (#3)",Three,Â£29.06,True
Secrets and Lace (Fatal Hearts #1),One,Â£20.27,True
Scarlett Epstein Hates It Here,Five,Â£43.55,True
Romero and Juliet: A Tragic Tale of Love and Zombies,One,Â£36.94,True
Redeeming Love,Five,Â£20.47,True
Poses for Artists Volume 1 - Dynamic and Sitting Poses: An Essential Reference for Figure Drawing and the Human Form,One,Â£41.06,True
Poems That Make Grown Women Cry,Four,Â£14.19,True
"Nightingale, Sing",One,Â£38.28,True
Night Sky with Exit Wounds,One,Â£41.05,True
Mrs. Houdini,Five,Â£30.25,True
Modern Romance,Five,Â£28.26,True
Miss Peregrineâs Home for Peculiar Children (Miss Peregrineâs Peculiar Children #1),One,Â£10.76,True
Louisa: The Extraordinary Life of Mrs. Adams,Two,Â£16.85,True
Little Red,Three,Â£13.47,True
Library of Souls (Miss Peregrineâs Peculiar Children #3),Five,Â£48.56,True
Large Print Heart of the Pride,Two,Â£19.15,True
I Had a Nice Time And Other Lies...: How to find love & sh*t like that,Four,Â£57.36,True
Hollow City (Miss Peregrineâs Peculiar Children #2),One,Â£42.98,True
Grumbles,Two,Â£22.16,True
Full Moon over Noahâs Ark: An Odyssey to Mount Ararat and Beyond,Four,Â£49.43,True
Frostbite (Vampire Academy #2),Five,Â£29.99,True
Follow You Home,One,Â£21.36,True
First Steps for New Christians (Print Edition),One,Â£29.00,True
Finders Keepers (Bill Hodges Trilogy #2),Five,Â£53.53,True
"Fables, Vol. 1: Legends in Exile (Fables #1)",Four,Â£41.62,True
Eureka Trivia 6.0,Four,Â£54.59,True
Drive: The Surprising Truth About What Motivates Us,Four,Â£34.95,True
Done Rubbed Out (Reightman & Bailey #1),Five,Â£37.72,True
Doing It Over (Most Likely To #1),Three,Â£35.61,True
"Deliciously Ella Every Day: Quick and Easy Recipes for Gluten-Free Snacks, Packed Lunches, and Simple Meals",Three,Â£42.16,True
Dark Notes,Five,Â£19.19,True
"Daring Greatly: How the Courage to Be Vulnerable Transforms the Way We Live, Love, Parent, and Lead",Three,Â£19.43,True
Close to You,Four,Â£49.46,True
Chasing Heaven: What Dying Taught Me About Living,Two,Â£37.80,True
Big Magic: Creative Living Beyond Fear,Three,Â£30.80,True
Becoming Wise: An Inquiry into the Mystery and Art of Living,Two,Â£27.43,True
Beauty Restored (Riley Family Legacy Novellas #3),Two,Â£11.11,True
Batman: The Long Halloween (Batman),Two,Â£36.50,True
Batman: The Dark Knight Returns (Batman),Five,Â£15.38,True
Ayumi's Violin,Two,Â£15.48,True
Anonymous,Four,Â£46.82,True
Amy Meets the Saints and Sages,Three,Â£18.46,True
Amid the Chaos,One,Â£36.58,True
Amatus,Five,Â£50.54,True
Agnostic: A Spirited Manifesto,Five,Â£12.51,True
Zealot: The Life and Times of Jesus of Nazareth,Three,Â£24.70,True
You (You #1),Five,Â£43.61,True
"Wonder Woman: Earth One, Volume One (Wonder Woman: Earth One #1)",Four,Â£37.34,True
Wild Swans,Two,Â£14.36,True
Why the Right Went Wrong: Conservatism--From Goldwater to the Tea Party and Beyond,Four,Â£52.65,True
Whole Lotta Creativity Going On: 60 Fun and Unusual Exercises to Awaken and Strengthen Your Creativity,Four,Â£38.20,True
What's It Like in Space?: Stories from Astronauts Who've Been There,Two,Â£19.60,True
"We Are Robin, Vol. 1: The Vigilante Business (We Are Robin #1)",One,Â£53.90,True
Walt Disney's Alice in Wonderland,Five,Â£12.96,True
V for Vendetta (V for Vendetta Complete),Four,Â£37.10,True
Until Friday Night (The Field Party #1),Two,Â£46.31,True
"Unbroken: A World War II Story of Survival, Resilience, and Redemption",Two,Â£45.95,True
Twenty Yawns,Two,Â£22.08,True
Through the Woods,Two,Â£25.38,True
This Is Where It Ends,Two,Â£27.12,True
The Year of Magical Thinking,Two,Â£43.04,True
The Wright Brothers,Four,Â£56.80,True
The White Queen (The Cousins' War #1),Five,Â£25.91,True
The Wedding Pact (The O'Malleys #2),Three,Â£32.61,True
The Time Keeper,Five,Â£27.88,True
The Testament of Mary,Four,Â£52.67,True
The Star-Touched Queen,Five,Â£46.02,True
The Songs of the Gods,Five,Â£44.48,True
The Song of Achilles,Five,Â£37.40,True
The Rosie Project (Don Tillman #1),One,Â£54.04,True
The Power of Habit: Why We Do What We Do in Life and Business,Three,Â£16.88,True
The Marriage of Opposites,Four,Â£28.08,True
The Lucifer Effect: Understanding How Good People Turn Evil,One,Â£10.40,True
The Long Haul (Diary of a Wimpy Kid #9),One,Â£44.07,True
The Loney,One,Â£23.40,True
The Literature Book (Big Ideas Simply Explained),Three,Â£17.43,True
The Last Mile (Amos Decker #2),Two,Â£54.21,True
The Immortal Life of Henrietta Lacks,Two,Â£40.67,True
The Hidden Oracle (The Trials of Apollo #1),Two,Â£52.26,True
The Help Yourself Cookbook for Kids: 60 Easy Plant-Based Recipes Kids Can Make to Stay Healthy and Save the Earth,Three,Â£28.77,True
The Guilty (Will Robie #4),Two,Â£13.82,True
The First Hostage (J.B. Collins #2),Three,Â£25.85,True
The Dovekeepers,One,Â£48.78,True
The Darkest Lie,Five,Â£35.35,True
The Bane Chronicles (The Bane Chronicles #1-11),Four,Â£44.73,True
The Bad-Ass Librarians of Timbuktu: And Their Race to Save the Worldâs Most Precious Manuscripts,One,Â£15.77,True
The 14th Colony (Cotton Malone #11),One,Â£39.24,True
That Darkness (Gardiner and Renner #1),One,Â£13.92,True
Tastes Like Fear (DI Marnie Rome #3),One,Â£10.69,True
Take Me with You,Three,Â£45.21,True
Swell: A Year of Waves,One,Â£45.58,True
Superman Vol. 1: Before Truth (Superman by Gene Luen Yang #1),Five,Â£11.89,True
Still Life with Bread Crumbs,Three,Â£26.41,True
Steve Jobs,Five,Â£39.50,True
Sorting the Beef from the Bull: The Science of Food Fraud Forensics,Four,Â£44.74,True
Someone Like You (The Harrisons #2),Five,Â£52.79,True
"So Cute It Hurts!!, Vol. 6 (So Cute It Hurts!! #6)",Four,Â£35.43,True
Shtum,Four,Â£55.84,True
See America: A Celebration of Our National Parks & Treasured Sites,Three,Â£48.87,True
salt.,Four,Â£46.78,True
Robin War,Three,Â£47.82,True
"Red Hood/Arsenal, Vol. 1: Open for Business (Red Hood/Arsenal #1)",Two,Â£25.48,True
Rain Fish,Three,Â£23.57,True
"Quarter Life Poetry: Poems for the Young, Broke and Hangry",Five,Â£50.89,True
Pet Sematary,Three,Â£10.56,True
"Overload: How to Unplug, Unwind, and Unleash Yourself from the Pressure of Stress",Three,Â£52.15,True
Once Was a Time,Two,Â£18.28,True
Old School (Diary of a Wimpy Kid #10),Five,Â£11.83,True
No Dream Is Too High: Life Lessons From a Man Who Walked on the Moon,Two,Â£21.95,True
"Naruto (3-in-1 Edition), Vol. 14: Includes Vols. 40, 41 & 42 (Naruto: Omnibus #14)",Two,Â£38.39,True
My Name Is Lucy Barton,One,Â£41.56,True
My Mrs. Brown,Three,Â£24.48,True
My Kind of Crazy,One,Â£40.36,True
Mr. Mercedes (Bill Hodges Trilogy #1),One,Â£28.90,True
More Than Music (Chasing the Dream #1),Two,Â£37.61,True
Made to Stick: Why Some Ideas Survive and Others Die,Five,Â£38.85,True
Luis Paints the World,Three,Â£53.95,True
Luckiest Girl Alive,Three,Â£49.83,True
Lowriders to the Center of the Earth (Lowriders in Space #2),Two,Â£51.51,True
Love Is a Mix Tape (Music #1),One,Â£18.03,True
Looking for Lovely: Collecting the Moments that Matter,Five,Â£29.14,True
"Living Leadership by Insight: A Good Leader Achieves, a Great Leader Builds Monuments",Four,Â£46.91,True
Let It Out: A Journey Through Journaling,Five,Â£26.79,True
Lady Midnight (The Dark Artifices #1),Five,Â£16.28,True
"It's All Easy: Healthy, Delicious Weeknight Meals in under 30 Minutes",One,Â£19.55,True
Island of Dragons (Unwanteds #7),One,Â£29.65,True
I Know What I'm Doing -- and Other Lies I Tell Myself: Dispatches from a Life Under Construction,Four,Â£25.98,True
I Am Pilgrim (Pilgrim #1),Four,Â£10.60,True
"Hyperbole and a Half: Unfortunate Situations, Flawed Coping Mechanisms, Mayhem, and Other Things That Happened",Five,Â£14.75,True
"Hush, Hush (Hush, Hush #1)",Three,Â£47.02,True
Hold Your Breath (Search and Rescue #1),One,Â£28.82,True
Hamilton: The Revolution,Three,Â£58.79,True
Greek Mythic History,Five,Â£10.23,True
God: The Most Unpleasant Character in All Fiction,Five,Â£30.03,True
Glory over Everything: Beyond The Kitchen House,Three,Â£45.84,True
Feathers: Displays of Brilliant Plumage,Three,Â£49.05,True
"Far & Away: Places on the Brink of Change: Seven Continents, Twenty-Five Years",Four,Â£15.06,True
Every Last Word,Three,Â£46.47,True
Eligible (The Austen Project #4),Three,Â£27.09,True
El Deafo,Five,Â£57.62,True
Eight Hundred Grapes,Four,Â£14.39,True
"Eaternity: More than 150 Deliciously Easy Vegan Recipes for a Long, Healthy, Satisfied, Joyful Life",Five,Â£51.75,True
"Eat Fat, Get Thin",Two,Â£54.07,True
Don't Get Caught,One,Â£55.35,True
Doctor Sleep (The Shining #2),Two,Â£40.12,True
Demigods & Magicians: Percy and Annabeth Meet the Kanes (Percy Jackson & Kane Chronicles Crossover #1-3),Five,Â£37.51,True
Dear Mr. Knightley,Five,Â£11.21,True
Daily Fantasy Sports,One,Â£36.58,True
Crazy Love: Overwhelmed by a Relentless God,Two,Â£47.72,True
Cometh the Hour (The Clifton Chronicles #6),Three,Â£25.01,True
Code Name Verity (Code Name Verity #1),Four,Â£22.13,True
Clockwork Angel (The Infernal Devices #1),One,Â£44.14,True
City of Glass (The Mortal Instruments #3),Four,Â£56.02,True
City of Fallen Angels (The Mortal Instruments #4),Four,Â£11.23,True
City of Bones (The Mortal Instruments #1),One,Â£43.28,True
City of Ashes (The Mortal Instruments #2),One,Â£47.27,True
Cell,Four,Â£20.29,True
Catching Jordan (Hundred Oaks),Three,Â£50.83,True
"Carry On, Warrior: Thoughts on Life Unarmed",Three,Â£31.85,True
Carrie,Two,Â£46.23,True
Buying In: The Secret Dialogue Between What We Buy and Who We Are,Four,Â£37.80,True
Brain on Fire: My Month of Madness,Five,Â£49.32,True
Batman: Europa,Two,Â£32.01,True
Barefoot Contessa Back to Basics,One,Â£28.01,True
Barefoot Contessa at Home: Everyday Recipes You'll Make Over and Over Again,Five,Â£50.62,True
Balloon Animals,Three,Â£17.03,True
Art Ops Vol. 1,Three,Â£48.80,True
Aristotle and Dante Discover the Secrets of the Universe (Aristotle and Dante Discover the Secrets of the Universe #1),Four,Â£58.14,True
Angels Walking (Angels Walking #1),Two,Â£34.20,True
Angels & Demons (Robert Langdon #1),Three,Â£51.48,True
All the Light We Cannot See,Five,Â£29.87,True
"Adulthood Is a Myth: A ""Sarah's Scribbles"" Collection",Two,Â£10.90,True
Abstract City,Five,Â£56.37,True
A Time of Torment (Charlie Parker #14),Five,Â£48.35,True
A Study in Scarlet (Sherlock Holmes #1),Two,Â£16.73,True
"A Series of Catastrophes and Miracles: A True Story of Love, Science, and Cancer",Two,Â£56.48,True
A People's History of the United States,Two,Â£40.79,True
A Man Called Ove,One,Â£39.72,True
A Distant Mirror: The Calamitous 14th Century,Three,Â£14.58,True
A Brush of Wings (Angels Walking #3),One,Â£55.51,True
1491: New Revelations of the Americas Before Columbus,Three,Â£21.80,True
"The Three Searches, Meaning, and the Story",Three,Â£13.33,True
Searching for Meaning in Gailana,One,Â£38.73,True
Rook,Four,Â£37.86,True
My Kitchen Year: 136 Recipes That Saved My Life,Two,Â£11.53,True
13 Hours: The Inside Account of What Really Happened In Benghazi,One,Â£27.06,True
Will You Won't You Want Me?,Three,Â£13.86,True
Tipping Point for Planet Earth: How Close Are We to the Edge?,One,Â£37.55,True
The Star-Touched Queen,Five,Â£32.30,True
The Silent Sister (Riley MacPherson #1),Five,Â£46.29,True
The Midnight Watch: A Novel of the Titanic and the Californian,One,Â£26.20,True
The Lonely City: Adventures in the Art of Being Alone,Two,Â£33.26,True
The Gray Rhino: How to Recognize and Act on the Obvious Dangers We Ignore,Four,Â£59.15,True
The Golden Condom: And Other Essays on Love Lost and Found,One,Â£39.43,True
The Epidemic (The Program 0.6),Five,Â£14.44,True
The Dinner Party,Two,Â£56.54,True
The Diary of a Young Girl,Three,Â£59.90,True
The Children,Three,Â£11.88,True
Stars Above (The Lunar Chronicles #4.5),Two,Â£48.05,True
Snatched: How A Drug Queen Went Undercover for the DEA and Was Kidnapped By Colombian Guerillas,Three,Â£21.21,True
Raspberry Pi Electronics Projects for the Evil Genius,Four,Â£49.67,True
Quench Your Own Thirst: Business Lessons Learned Over a Beer or Two,One,Â£43.14,True
Psycho: Sanitarium (Psycho #1.5),Five,Â£36.97,True
Poisonous (Max Revere Novels #3),Three,Â£26.80,True
One with You (Crossfire #5),Four,Â£15.71,True
No Love Allowed (Dodge Cove #1),Four,Â£54.65,True
Murder at the 42nd Street Library (Raymond Ambler #1),Four,Â£54.36,True
Most Wanted,Three,Â£35.28,True
"Love, Lies and Spies",Two,Â£20.55,True
How to Speak Golf: An Illustrated Guide to Links Lingo,Five,Â£58.32,True
Hide Away (Eve Duncan #20),One,Â£11.84,True
Furiously Happy: A Funny Book About Horrible Things,Four,Â£41.46,True
Everyday Italian: 125 Simple and Delicious Recipes,Five,Â£20.10,True
Equal Is Unfair: America's Misguided Fight Against Income Inequality,One,Â£56.86,True
Eleanor & Park,Five,Â£56.51,True
Dirty (Dive Bar #1),Four,Â£40.83,True
Can You Keep a Secret? (Fear Street Relaunch #4),One,Â£48.64,True
Boar Island (Anna Pigeon #19),Three,Â£59.48,True
A Paris Apartment,Four,Â£39.01,True
"A la Mode: 120 Recipes in 60 Pairings: Pies, Tarts, Cakes, Crisps, and More Topped with Ice Cream, Gelato, Frozen Custard, and More",One,Â£38.77,True
Troublemaker: Surviving Hollywood and Scientology,Two,Â£48.39,True
The Widow,Two,Â£27.26,True
"The Sleep Revolution: Transforming Your Life, One Night at a Time",Four,Â£11.68,True
The Improbability of Love,One,Â£59.45,True
The Art of Startup Fundraising,Three,Â£21.00,True
Take Me Home Tonight (Rock Star Romance #3),Three,Â£53.98,True
Sleeping Giants (Themis Files #1),One,Â£48.74,True
"Setting the World on Fire: The Brief, Astonishing Life of St. Catherine of Siena",Two,Â£21.15,True
Playing with Fire,Three,Â£13.71,True
Off the Hook (Fishing for Trouble #1),Three,Â£47.67,True
Mothering Sunday,Two,Â£13.34,True
"Mother, Can You Not?",Five,Â£16.89,True
M Train,One,Â£27.18,True
Lilac Girls,Two,Â£17.28,True
Lies and Other Acts of Love,One,Â£45.14,True
Lab Girl,One,Â£40.85,True
Keep Me Posted,Four,Â£20.46,True
It Didn't Start with You: How Inherited Family Trauma Shapes Who We Are and How to End the Cycle,Three,Â£56.27,True
Grey (Fifty Shades #4),Four,Â£48.49,True
"Exit, Pursued by a Bear",Four,Â£51.34,True
Daredevils,Three,Â£16.34,True
Cravings: Recipes for What You Want to Eat,Three,Â£20.50,True
Born for This: How to Find the Work You Were Meant to Do,Five,Â£21.59,True
Arena,Four,Â£21.36,True
Adultery,Five,Â£20.88,True
A Mother's Reckoning: Living in the Aftermath of Tragedy,Three,Â£19.53,True
A Gentleman's Position (Society of Gentlemen #3),Five,Â£14.75,True
11/22/63,Three,Â£48.48,True
"10% Happier: How I Tamed the Voice in My Head, Reduced Stress Without Losing My Edge, and Found Self-Help That Actually Works",Two,Â£24.57,True
10-Day Green Smoothie Cleanse: Lose Up to 15 Pounds in 10 Days!,Five,Â£49.71,True
Without Shame,Five,Â£48.27,True
Watchmen,Four,Â£58.05,True
Unlimited Intuition Now,Four,Â£58.87,True
Underlying Notes,Two,Â£11.82,True
The Shack,One,Â£28.03,True
The New Brand You: Your New Image Makes the Sale for You,Five,Â£44.05,True
"The Moosewood Cookbook: Recipes from Moosewood Restaurant, Ithaca, New York",Four,Â£12.34,True
The Flowers Lied,Two,Â£16.68,True
"The Fabric of the Cosmos: Space, Time, and the Texture of Reality",One,Â£55.91,True
The Book of Mormon,Three,Â£24.57,True
The Art and Science of Low Carbohydrate Living,Five,Â£52.98,True
The Alien Club,One,Â£54.40,True
Suzie Snowflake: One beautiful flake (a self-esteem story),Five,Â£54.81,True
Nap-a-Roo,One,Â£25.08,True
"NaNo What Now? Finding your editing process, revising your NaNoWriMo book and building a writing career through publishing and beyond",Four,Â£10.41,True
Modern Day Fables,Two,Â£47.44,True
If I Gave You God's Phone Number....: Searching for Spirituality in America,One,Â£20.91,True
"Fruits Basket, Vol. 9 (Fruits Basket #9)",Four,Â£33.95,True
Dress Your Family in Corduroy and Denim,Three,Â£43.68,True
Don't Forget Steven,One,Â£33.23,True
Chernobyl 01:23:40: The Incredible True Story of the World's Worst Nuclear Disaster,Two,Â£35.92,True
Art and Fear: Observations on the Perils (and Rewards) of Artmaking,Four,Â£48.63,True
A Shard of Ice (The Black Symphony Saga #1),Three,Â£56.63,True
A Hero's Curse (The Unseen Chronicles #1),Three,Â£50.49,True
23 Degrees South: A Tropical Tale of Changing Whether...,Two,Â£35.79,True
"Zero to One: Notes on Startups, or How to Build the Future",Three,Â£34.06,True
Why Not Me?,One,Â£17.76,True
When Breath Becomes Air,Two,Â£39.36,True
Vagabonding: An Uncommon Guide to the Art of Long-Term World Travel,Two,Â£36.94,True
The Unlikely Pilgrimage of Harold Fry (Harold Fry #1),Five,Â£43.62,True
The New Drawing on the Right Side of the Brain,Three,Â£43.02,True
"The Midnight Assassin: Panic, Scandal, and the Hunt for America's First Serial Killer",Four,Â£28.45,True
The Martian (The Martian #1),Two,Â£41.39,True
The High Mountains of Portugal,One,Â£51.15,True
The Grownup,One,Â£35.88,True
The E-Myth Revisited: Why Most Small Businesses Don't Work and What to Do About It,One,Â£36.91,True
South of Sunshine,One,Â£28.93,True
Smarter Faster Better: The Secrets of Being Productive in Life and Business,Five,Â£38.89,True
Silence in the Dark (Logan Point #4),Three,Â£58.33,True
Shadows of the Past (Logan Point #1),Five,Â£39.67,True
Roller Girl,Five,Â£14.10,True
Rising Strong,Three,Â£21.82,True
Proofs of God: Classical Arguments from Tertullian to Barth,One,Â£54.21,True
Please Kill Me: The Uncensored Oral History of Punk,Four,Â£31.19,True
Out of Print: City Lights Spotlight No. 14,Five,Â£53.64,True
My Life Next Door (My Life Next Door ),Five,Â£36.39,True
Miller's Valley,Two,Â£58.54,True
Man's Search for Meaning,Three,Â£29.48,True
"Love That Boy: What Two Presidents, Eight Road Trips, and My Son Taught Me About a Parent's Expectations",Two,Â£25.06,True
Living Forward: A Proven Plan to Stop Drifting and Get the Life You Want,Three,Â£12.55,True
Les Fleurs du Mal,Five,Â£29.04,True
Left Behind (Left Behind #1),Two,Â£40.72,True
Kill 'Em and Leave: Searching for James Brown and the American Soul,Five,Â£45.05,True
Kierkegaard: A Christian Missionary to Christians,One,Â£47.13,True
John Vassos: Industrial Design for Modern Life,Four,Â£20.22,True
I'll Give You the Sun,One,Â£56.48,True
I Will Find You,One,Â£44.21,True
Hystopia: A Novel,Four,Â£21.96,True
Howl and Other Poems,Two,Â£40.45,True
History of Beauty,Four,Â£10.29,True
Heaven is for Real: A Little Boy's Astounding Story of His Trip to Heaven and Back,Two,Â£52.86,True
Future Shock (Future Shock #1),Five,Â£55.65,True
Ender's Game (The Ender Quintet #1),One,Â£43.64,True
Diary of a Citizen Scientist: Chasing Tiger Beetles and Other New Ways of Engaging the World,One,Â£28.41,True
Death by Leisure: A Cautionary Tale,Four,Â£37.51,True
Brilliant Beacons: A History of the American Lighthouse,Three,Â£11.45,True
Brazen: The Courage to Find the You That's Been Hiding,Two,Â£19.22,True
Between the World and Me,Four,Â£56.91,True
Being Mortal: Medicine and What Matters in the End,Four,Â£55.06,True
"A Murder Over a Girl: Justice, Gender, Junior High",Three,Â£13.20,True
32 Yolks,Two,Â£53.63,True
"""Most Blessed of the Patriarchs"": Thomas Jefferson and the Empire of the Imagination",Five,Â£44.48,True
You Are a Badass: How to Stop Doubting Your Greatness and Start Living an Awesome Life,Three,Â£12.08,True
Wildlife of New York: A Five-Borough Coloring Book,Two,Â£22.14,True
What Happened on Beale Street (Secrets of the South Mysteries #2),Five,Â£25.37,True
Unreasonable Hope: Finding Faith in the God Who Brings Purpose to Your Pain,Two,Â£46.33,True
Under the Tuscan Sun,Three,Â£37.33,True
Toddlers Are A**holes: It's Not Your Fault,One,Â£25.55,True
The Year of Living Biblically: One Man's Humble Quest to Follow the Bible as Literally as Possible,One,Â£34.72,True
The Whale,Four,Â£35.96,True
The Story of Art,Four,Â£41.14,True
The Origin of Species,Four,Â£10.01,True
The Great Gatsby,Four,Â£36.05,True
The Good Girl,Three,Â£49.03,True
The Glass Castle,One,Â£16.24,True
The Faith of Christopher Hitchens: The Restless Soul of the World's Most Notorious Atheist,One,Â£39.55,True
The Drowning Girls,Three,Â£35.67,True
The Constant Princess (The Tudor Court #1),Three,Â£16.62,True
The Bourne Identity (Jason Bourne #1),Four,Â£42.78,True
The Bachelor Girl's Guide to Murder (Herringford and Watts Mysteries #1),Five,Â£52.30,True
The Art Book,Two,Â£32.34,True
The 7 Habits of Highly Effective People: Powerful Lessons in Personal Change,Four,Â£33.17,True
Team of Rivals: The Political Genius of Abraham Lincoln,Five,Â£20.12,True
Steal Like an Artist: 10 Things Nobody Told You About Being Creative,Two,Â£20.90,True
"Sit, Stay, Love",Three,Â£20.90,True
Sister Dear,Four,Â£40.20,True
"Shrunken Treasures: Literary Classics, Short, Sweet, and Silly",Three,Â£52.87,True
"Rich Dad, Poor Dad",One,Â£51.74,True
Raymie Nightingale,Two,Â£34.41,True
Playing from the Heart,One,Â£32.38,True
Nightstruck: A Novel,Four,Â£50.35,True
"Naturally Lean: 125 Nourishing Gluten-Free, Plant-Based Recipes--All Under 300 Calories",Five,Â£11.38,True
Meternity,Three,Â£43.58,True
Memoirs of a Geisha,Three,Â£49.67,True
Like Never Before (Walker Family #2),Two,Â£28.77,True
Life of Pi,Four,Â£13.22,True
Leave This Song Behind: Teen Poetry at Its Best,Five,Â£51.17,True
King's Folly (The Kinsman Chronicles #1),Five,Â£39.61,True
John Adams,Four,Â£57.43,True
How to Cook Everything Vegetarian: Simple Meatless Recipes for Great Food (How to Cook Everything),Four,Â£46.01,True
How to Be a Domestic Goddess: Baking and the Art of Comfort Cooking,Two,Â£28.25,True
Good in Bed (Cannie Shapiro #1),Five,Â£37.05,True
"Fruits Basket, Vol. 7 (Fruits Basket #7)",One,Â£19.57,True
For the Love: Fighting for Grace in a World of Impossible Standards,Three,Â£45.13,True
Finding God in the Ruins: How God Redeems Pain,Two,Â£46.64,True
Every Heart a Doorway (Every Heart A Doorway #1),Five,Â£12.16,True
Delivering the Truth (Quaker Midwife Mystery #1),Four,Â£20.89,True
Counted With the Stars (Out from Egypt #1),Five,Â£17.97,True
"Chronicles, Vol. 1",Two,Â£52.60,True
Blue Like Jazz: Nonreligious Thoughts on Christian Spirituality,One,Â£25.77,True
Benjamin Franklin: An American Life,Three,Â£48.19,True
"At The Existentialist CafÃ©: Freedom, Being, and apricot cocktails with: Jean-Paul Sartre, Simone de Beauvoir, Albert Camus, Martin Heidegger, Edmund Husserl, Karl Jaspers, Maurice Merleau-Ponty and others",Five,Â£29.93,True
A Summer In Europe,Two,Â£44.34,True
A Short History of Nearly Everything,Five,Â£52.40,True
A Gathering of Shadows (Shades of Magic #2),Four,Â£44.81,True
The Sound Of Love,Five,Â£57.84,True
The Rise and Fall of the Third Reich: A History of Nazi Germany,Two,Â£39.67,True
The Perks of Being a Wallflower,Three,Â£55.02,True
The Mysterious Affair at Styles (Hercule Poirot #1),Four,Â£24.80,True
The Man Who Mistook His Wife for a Hat and Other Clinical Tales,Four,Â£59.45,True
The Makings of a Fatherless Child,Two,Â£31.58,True
The Joy of Cooking,Four,Â£43.27,True
The Invention of Wings,One,Â£37.34,True
The Hobbit (Middle-Earth Universe),Five,Â£17.80,True
The Great Railway Bazaar,One,Â£30.54,True
The Golden Compass (His Dark Materials #1),One,Â£18.77,True
The God Delusion,Three,Â£46.85,True
The Girl You Left Behind (The Girl You Left Behind #1),One,Â£15.79,True
The Fellowship of the Ring (The Lord of the Rings #1),Two,Â£10.27,True
The Collected Poems of W.B. Yeats (The Collected Works of W.B. Yeats #1),Five,Â£15.42,True
The Barefoot Contessa Cookbook,Five,Â£59.92,True
Tell the Wolves I'm Home,Two,Â£50.96,True
Ship Leaves Harbor: Essays on Travel by a Recovering Journeyman,Three,Â£30.60,True
Pride and Prejudice,Four,Â£19.27,True
Musicophilia: Tales of Music and the Brain,One,Â£46.58,True
Mere Christianity,Three,Â£48.51,True
Me Before You (Me Before You #1),One,Â£19.02,True
In the Woods (Dublin Murder Squad #1),Two,Â£38.38,True
In Cold Blood,Four,Â£49.98,True
How to Stop Worrying and Start Living,Five,Â£46.49,True
Give It Back,Two,Â£18.32,True
"Girl, Interrupted",Three,Â£42.14,True
Fun Home: A Family Tragicomic,Four,Â£56.59,True
"Fruits Basket, Vol. 6 (Fruits Basket #6)",Four,Â£20.96,True
Deception Point,Four,Â£40.32,True
"Death Note, Vol. 6: Give-and-Take (Death Note #6)",Three,Â£36.39,True
Catherine the Great: Portrait of a Woman,Four,Â£58.55,True
Better Homes and Gardens New Cook Book,Three,Â£39.61,True
An Unquiet Mind: A Memoir of Moods and Madness,Three,Â£21.30,True
A Year in Provence (Provence #1),Four,Â£56.88,True
World Without End (The Pillars of the Earth #2),Four,Â£32.97,True
"Will Grayson, Will Grayson (Will Grayson, Will Grayson)",Four,Â£47.31,True
Why Save the Bankers?: And Other Essays on Our Economic and Political Crisis,Two,Â£48.67,True
Where She Went (If I Stay #2),Four,Â£41.73,True
What If?: Serious Scientific Answers to Absurd Hypothetical Questions,Four,Â£53.68,True
Two Summers,One,Â£14.64,True
This Is Your Brain on Music: The Science of a Human Obsession,One,Â£38.40,True
The Secret Garden,Four,Â£15.08,True
The Raven King (The Raven Cycle #4),Two,Â£30.57,True
The Raven Boys (The Raven Cycle #1),Four,Â£57.74,True
The Power Greens Cookbook: 140 Delicious Superfood Recipes,Five,Â£11.05,True
The Metamorphosis,One,Â£28.58,True
The Mathews Men: Seven Brothers and the War Against Hitler's U-boats,Five,Â£42.91,True
The Little Paris Bookshop,Three,Â£24.73,True
The Hiding Place,Four,Â£55.91,True
The Grand Design,Three,Â£13.76,True
The Firm,Three,Â£45.56,True
The Fault in Our Stars,One,Â£47.22,True
The False Prince (The Ascendance Trilogy #1),Five,Â£56.00,True
The Expatriates,Two,Â£44.58,True
The Dream Thieves (The Raven Cycle #2),One,Â£34.50,True
The Darkest Corners,Five,Â£11.33,True
The Crossover,Four,Â£38.77,True
The 5th Wave (The 5th Wave #1),Two,Â£11.83,True
Tell the Wind and Fire,Three,Â£45.51,True
Tell Me Three Things,One,Â£41.81,True
Talking to Girls About Duran Duran: One Young Man's Quest for True Love and a Cooler Haircut,Four,Â£25.15,True
Siddhartha,Five,Â£34.22,True
Shiver (The Wolves of Mercy Falls #1),Five,Â£16.23,True
Remember Me?,Three,Â£11.48,True
Red Dragon (Hannibal Lecter #1),Three,Â£23.37,True
Peak: Secrets from the New Science of Expertise,Two,Â£16.28,True
My Mother Was Nuts,Four,Â£31.63,True
Mexican Today: New and Rediscovered Recipes for Contemporary Kitchens,Five,Â£24.91,True
Maybe Something Beautiful: How Art Transformed a Neighborhood,One,Â£22.54,True
Lola and the Boy Next Door (Anna and the French Kiss #2),Four,Â£23.63,True
Logan Kade (Fallen Crest High #5.5),Two,Â£13.12,True
Last One Home (New Beginnings #1),Three,Â£59.98,True
Killing Floor (Jack Reacher #1),Four,Â£31.49,True
Kill the Boy Band,Five,Â£15.52,True
Isla and the Happily Ever After (Anna and the French Kiss #3),Five,Â£48.13,True
If I Stay (If I Stay #1),Five,Â£38.13,True
I Know Why the Caged Bird Sings (Maya Angelou's Autobiography #1),Two,Â£36.55,True
Harry Potter and the Deathly Hallows (Harry Potter #7),One,Â£23.32,True
"Fruits Basket, Vol. 5 (Fruits Basket #5)",One,Â£16.33,True
Foundation (Foundation (Publication Order) #1),One,Â£32.42,True
Fool Me Once,One,Â£16.96,True
Find Her (Detective D.D. Warren #8),One,Â£22.37,True
Evicted: Poverty and Profit in the American City,One,Â£42.27,True
Drama,Two,Â£38.70,True
Dracula the Un-Dead,Five,Â£35.63,True
Digital Fortress,Five,Â£58.00,True
"Death Note, Vol. 5: Whiteout (Death Note #5)",One,Â£52.41,True
"Data, A Love Story: How I Gamed Online Dating to Meet My Match",Three,Â£32.35,True
Critique of Pure Reason,One,Â£20.75,True
Booked,Five,Â£17.49,True
"Blue Lily, Lily Blue (The Raven Cycle #3)",Five,Â£34.13,True
Approval Junkie: Adventures in Caring Too Much,Five,Â£58.81,True
An Abundance of Katherines,Five,Â£10.00,True
America's War for the Greater Middle East: A Military History,Two,Â£51.22,True
Alight (The Generations Trilogy #2),Four,Â£58.59,True
A Girl's Guide to Moving On (New Beginnings #2),One,Â£31.30,True
A Game of Thrones (A Song of Ice and Fire #1),Two,Â£46.42,True
A Feast for Crows (A Song of Ice and Fire #4),Four,Â£17.21,True
A Clash of Kings (A Song of Ice and Fire #2),Three,Â£10.79,True
Vogue Colors A to Z: A Fashion Coloring Book,Four,Â£52.35,True
The Shining (The Shining #1),Three,Â£27.88,True
The Pilgrim's Progress,Two,Â£50.26,True
The Perfect Play (Play by Play #1),Three,Â£59.99,True
The Passion of Dolssa,Five,Â£28.32,True
The Jazz of Physics: The Secret Link Between Music and the Structure of the Universe,Three,Â£38.71,True
The Hunger Games (The Hunger Games #1),Five,Â£29.85,True
The Hound of the Baskervilles (Sherlock Holmes #5),Two,Â£14.82,True
The Gunning of America: Business and the Making of American Gun Culture,Four,Â£16.81,True
The Geography of Bliss: One Grump's Search for the Happiest Places in the World,Two,Â£28.23,True
The Demonists (Demonist #1),Two,Â£52.11,True
"The Demon Prince of Momochi House, Vol. 4 (The Demon Prince of Momochi House #4)",Two,Â£27.88,True
The Bone Hunters (Lexy Vaughan & Steven Macaulay #2),Three,Â£59.71,True
The Beast (Black Dagger Brotherhood #14),Five,Â£46.08,True
Some Women,Five,Â£13.73,True
Shopaholic Ties the Knot (Shopaholic #3),Five,Â£48.39,True
Paper and Fire (The Great Library #2),Five,Â£49.45,True
Outlander (Outlander #1),Five,Â£19.67,True
"Orchestra of Exiles: The Story of Bronislaw Huberman, the Israel Philharmonic, and the One Thousand Jews He Saved from Nazi Horrors",Three,Â£12.36,True
No One Here Gets Out Alive,Five,Â£20.02,True
Night Shift (Night Shift #1-20),Four,Â£12.75,True
Needful Things,Four,Â£47.51,True
Mockingjay (The Hunger Games #3),Four,Â£20.44,True
Misery,Two,Â£34.79,True
Little Women (Little Women #1),Four,Â£28.07,True
It,Three,Â£25.01,True
Harry Potter and the Sorcerer's Stone (Harry Potter #1),Three,Â£13.90,True
Harry Potter and the Prisoner of Azkaban (Harry Potter #3),Four,Â£24.17,True
Harry Potter and the Order of the Phoenix (Harry Potter #5),Four,Â£31.63,True
Harry Potter and the Half-Blood Prince (Harry Potter #6),Five,Â£48.75,True
Harry Potter and the Chamber of Secrets (Harry Potter #2),One,Â£14.74,True
Gone with the Wind,Three,Â£32.49,True
God Is Not Great: How Religion Poisons Everything,One,Â£27.80,True
Girl With a Pearl Earring,One,Â£26.77,True
"Fruits Basket, Vol. 4 (Fruits Basket #4)",Four,Â£50.44,True
Far From True (Promise Falls Trilogy #2),Two,Â£34.93,True
Dark Lover (Black Dagger Brotherhood #1),One,Â£12.87,True
Confessions of a Shopaholic (Shopaholic #1),Two,Â£48.94,True
Changing the Game (Play by Play #2),Three,Â£13.38,True
Candide,Three,Â£58.63,True
Can You Keep a Secret?,One,Â£21.94,True
Atlas Shrugged,Five,Â£26.58,True
Animal Farm,Three,Â£57.22,True
A Walk to Remember,One,Â£56.43,True
A New Earth: Awakening to Your Life's Purpose,Five,Â£55.65,True
"A History of God: The 4,000-Year Quest of Judaism, Christianity, and Islam",One,Â£27.62,True
'Salem's Lot,Four,Â£49.56,True
Zero History (Blue Ant #3),One,Â£34.77,True
Wuthering Heights,Three,Â£17.73,True
World War Z: An Oral History of the Zombie War,One,Â£21.80,True
Wild: From Lost to Found on the Pacific Crest Trail,Three,Â£46.02,True
"Where'd You Go, Bernadette",One,Â£18.13,True
When You Are Engulfed in Flames,Five,Â£30.89,True
We the People: The Modern-Day Figures Who Have Reshaped and Affirmed the Founding Fathers' Vision of America,Three,Â£31.95,True
We Are All Completely Beside Ourselves,One,Â£24.04,True
Walk the Edge (Thunder Road #2),Three,Â£32.36,True
Voyager (Outlander #3),Five,Â£21.07,True
Very Good Lives: The Fringe Benefits of Failure and the Importance of Imagination,Three,Â£50.66,True
Vegan Vegetarian Omnivore: Dinner for Everyone at the Table,Two,Â£13.66,True
"Unstuffed: Decluttering Your Home, Mind, and Soul",One,Â£58.09,True
Under the Banner of Heaven: A Story of Violent Faith,One,Â£30.00,True
Two Boys Kissing,Two,Â£32.74,True
Twilight (Twilight #1),Two,Â£41.93,True
Twenties Girl,Two,Â£42.80,True
"Trespassing Across America: One Man's Epic, Never-Done-Before (and Sort of Illegal) Hike Across the Heartland",One,Â£53.51,True
Three-Martini Lunch,Three,Â£23.21,True
"Thinking, Fast and Slow",One,Â£21.14,True
The Wild Robot,Three,Â£56.07,True
"The Wicked + The Divine, Vol. 3: Commercial Suicide (The Wicked + The Divine)",Three,Â£14.41,True
The Undomestic Goddess,Four,Â£45.75,True
The Travelers,One,Â£15.77,True
The Tipping Point: How Little Things Can Make a Big Difference,Two,Â£10.02,True
The Thing About Jellyfish,One,Â£48.77,True
The Stand,Two,Â£57.86,True
The Smitten Kitchen Cookbook,One,Â£23.59,True
The Silkworm (Cormoran Strike #2),Five,Â£23.05,True
"The Sandman, Vol. 3: Dream Country (The Sandman (volumes) #3)",Five,Â£55.55,True
The Rose & the Dagger (The Wrath and the Dawn #2),Four,Â£58.64,True
The Road to Little Dribbling: Adventures of an American in Britain (Notes From a Small Island #2),One,Â£23.21,True
The Rise of Theodore Roosevelt (Theodore Roosevelt #1),Three,Â£42.57,True
The Restaurant at the End of the Universe (Hitchhiker's Guide to the Galaxy #2),One,Â£10.92,True
The Rest Is Noise: Listening to the Twentieth Century,One,Â£34.77,True
The Red Tent,Five,Â£35.66,True
The Purpose Driven Life: What on Earth Am I Here for?,Three,Â£37.19,True
The Purest Hook (Second Circle Tattoos #3),One,Â£12.25,True
The Picture of Dorian Gray,Two,Â£29.70,True
The Paris Wife,Three,Â£36.80,True
The Obsession,One,Â£45.43,True
The Nightingale,Four,Â£26.26,True
The New Guy (and Other Senior Year Distractions),Three,Â£44.92,True
The Nanny Diaries (Nanny #1),Five,Â£52.53,True
The Name of God is Mercy,Two,Â£37.25,True
The Maze Runner (The Maze Runner #1),One,Â£20.93,True
The Lover's Dictionary,Two,Â£58.09,True
The Lonely Ones,Five,Â£43.59,True
The Lean Startup: How Today's Entrepreneurs Use Continuous Innovation to Create Radically Successful Businesses,Three,Â£33.92,True
The Last Painting of Sara de Vos,Two,Â£55.55,True
"The Land of 10,000 Madonnas",Four,Â£29.64,True
The Infinities,One,Â£27.41,True
The Husband's Secret,Five,Â£52.51,True
The Hitchhiker's Guide to the Galaxy (Hitchhiker's Guide to the Galaxy #1),Three,Â£47.80,True
The Guns of August,Two,Â£14.54,True
The Guernsey Literary and Potato Peel Pie Society,One,Â£49.53,True
The Goldfinch,Three,Â£43.58,True
The Giver (The Giver Quartet #1),One,Â£12.30,True
The Girl with All the Gifts,Three,Â£49.47,True
The Girl Who Played with Fire (Millennium Trilogy #2),Two,Â£22.14,True
The Girl Who Kicked the Hornet's Nest (Millennium Trilogy #3),One,Â£57.48,True
The Exiled,Three,Â£43.45,True
"The End of Faith: Religion, Terror, and the Future of Reason",Four,Â£22.13,True
"The Elegant Universe: Superstrings, Hidden Dimensions, and the Quest for the Ultimate Theory",Four,Â£13.03,True
"The Disappearing Spoon: And Other True Tales of Madness, Love, and the History of the World from the Periodic Table of the Elements",Five,Â£57.35,True
The Devil Wears Prada (The Devil Wears Prada #1),One,Â£44.29,True
The Demon-Haunted World: Science as a Candle in the Dark,Four,Â£52.25,True
The Day the Crayons Came Home (Crayons),Five,Â£26.33,True
The Da Vinci Code (Robert Langdon #2),Two,Â£22.96,True
The Cuckoo's Calling (Cormoran Strike #1),One,Â£19.21,True
The Complete Stories and Poems (The Works of Edgar Allan Poe [Cameo Edition]),Four,Â£26.78,True
The Complete Poems,Five,Â£41.32,True
The Catcher in the Rye,One,Â£24.55,True
The Cat in the Hat (Beginner Books B-1),Two,Â£16.26,True
The Case for Christ (Cases for Christianity),One,Â£47.84,True
The Book Thief,Two,Â£53.49,True
The Book of Basketball: The NBA According to The Sports Guy,Five,Â£44.84,True
The Blind Side: Evolution of a Game,Five,Â£53.71,True
The Autobiography of Malcolm X,Two,Â£23.43,True
"The Art of Simple Food: Notes, Lessons, and Recipes from a Delicious Revolution",Three,Â£34.32,True
The Art of Fielding,One,Â£22.10,True
"Surely You're Joking, Mr. Feynman!: Adventures of a Curious Character",Two,Â£25.83,True
Stiff: The Curious Lives of Human Cadavers,Three,Â£36.74,True
Spilled Milk: Based on a True Story,One,Â£49.51,True
Something Borrowed (Darcy & Rachel #1),Five,Â£48.96,True
Something Blue (Darcy & Rachel #2),One,Â£54.62,True
Soldier (Talon #3),Two,Â£24.72,True
Shopaholic & Baby (Shopaholic #5),Two,Â£46.45,True
Seven Days in the Art World,Two,Â£52.33,True
Seven Brief Lessons on Physics,Four,Â£30.60,True
Scarlet (The Lunar Chronicles #2),Four,Â£14.57,True
Sarah's Key,One,Â£46.29,True
"Saga, Volume 3 (Saga (Collected Editions) #3)",Five,Â£21.57,True
Running with Scissors,Four,Â£12.91,True
Rogue Lawyer (Rogue Lawyer #1),Three,Â£50.11,True
"Rise of the Rocket Girls: The Women Who Propelled Us, from Missiles to the Moon to Mars",Four,Â£41.67,True
Rework,Two,Â£44.88,True
Reservations for Two,Three,Â£11.10,True
Red: The True Story of Red Riding Hood,Three,Â£28.54,True
Ready Player One,Four,Â£19.07,True
Quiet: The Power of Introverts in a World That Can't Stop Talking,One,Â£43.55,True
Prodigy: The Graphic Novel (Legend: The Graphic Novel #2),Three,Â£43.63,True
Persepolis: The Story of a Childhood (Persepolis #1-2),One,Â£39.13,True
Packing for Mars: The Curious Science of Life in the Void,Two,Â£56.68,True
Outliers: The Story of Success,One,Â£14.16,True
Original Fake,Three,Â£31.45,True
Orange Is the New Black,Two,Â£24.61,True
One for the Money (Stephanie Plum #1),Two,Â£32.87,True
Notes from a Small Island (Notes From a Small Island #1),One,Â£40.17,True
Night (The Night Trilogy #1),One,Â£13.51,True
Neither Here nor There: Travels in Europe,Three,Â£38.95,True
Naked,Three,Â£31.69,True
Morning Star (Red Rising #3),One,Â£29.40,True
"Miracles from Heaven: A Little Girl, Her Journey to Heaven, and Her Amazing Story of Healing",One,Â£57.83,True
Midnight Riot (Peter Grant/ Rivers of London - books #1),Two,Â£55.46,True
Me Talk Pretty One Day,Two,Â£57.60,True
Manuscript Found in Accra,Two,Â£34.98,True
Lust & Wonder,Two,Â£11.87,True
Lila (Gilead #3),Three,Â£12.47,True
"Life, the Universe and Everything (Hitchhiker's Guide to the Galaxy #3)",Two,Â£33.26,True
Life Without a Recipe,Five,Â£59.04,True
Life After Life,Two,Â£26.13,True
Letter to a Christian Nation,One,Â£22.20,True
Let's Pretend This Never Happened: A Mostly True Memoir,One,Â£45.11,True
Legend (Legend #1),Four,Â£43.69,True
"Lean In: Women, Work, and the Will to Lead",One,Â£25.02,True
"Lamb: The Gospel According to Biff, Christ's Childhood Pal",Five,Â£55.50,True
Lady Renegades (Rebel Belle #3),Five,Â£53.04,True
Jurassic Park (Jurassic Park #1),One,Â£44.97,True
It's Never Too Late to Begin Again: Discovering Creativity and Meaning at Midlife and Beyond,One,Â£42.38,True
Is Everyone Hanging Out Without Me? (And Other Concerns),Three,Â£20.11,True
Into the Wild,Five,Â£56.70,True
Inferno (Robert Langdon #4),Five,Â£41.00,True
"In the Garden of Beasts: Love, Terror, and an American Family in Hitler's Berlin",Three,Â£28.85,True
If I Run (If I Run #1),Four,Â£49.97,True
I've Got Your Number,One,Â£19.69,True
I Am Malala: The Girl Who Stood Up for Education and Was Shot by the Taliban,Two,Â£28.88,True
Hungry Girl Clean & Hungry: Easy All-Natural Recipes for Healthy Eating in the Real World,Three,Â£33.14,True
"House of Lost Worlds: Dinosaurs, Dynasties, and the Story of Life on Earth",Two,Â£43.70,True
House of Leaves,One,Â£54.89,True
Horrible Bear!,Two,Â£37.52,True
Holidays on Ice,Two,Â£51.07,True
Heir to the Sky,Four,Â£44.07,True
Green Eggs and Ham (Beginner Books B-16),Four,Â£10.79,True
"Grayson, Vol 3: Nemesis (Grayson #3)",One,Â£42.72,True
Gratitude,Five,Â£26.66,True
Gone Girl,Five,Â£37.60,True
Golden (Heart of Dread #3),Four,Â£42.21,True
Girl in the Blue Coat,Two,Â£46.83,True
"Fruits Basket, Vol. 3 (Fruits Basket #3)",Two,Â£45.17,True
"Friday Night Lights: A Town, a Team, and a Dream",Three,Â£51.22,True
Fire Bound (Sea Haven/Sisters of the Heart #5),Four,Â£21.28,True
Fifty Shades Freed (Fifty Shades #3),Five,Â£15.36,True
Fellside,One,Â£38.62,True
Extreme Prey (Lucas Davenport #26),Three,Â£25.40,True
Eragon (The Inheritance Cycle #1),Three,Â£43.87,True
Eclipse (Twilight #3),One,Â£18.74,True
Dune (Dune #1),One,Â£54.86,True
Dracula,Three,Â£52.62,True
Do Androids Dream of Electric Sheep? (Blade Runner #1),One,Â£51.48,True
Disrupted: My Misadventure in the Start-Up Bubble,Five,Â£15.28,True
Dead Wake: The Last Crossing of the Lusitania,Five,Â£39.24,True
"David and Goliath: Underdogs, Misfits, and the Art of Battling Giants",One,Â£17.81,True
Darkfever (Fever #1),One,Â£56.02,True
Dark Places,Five,Â£23.90,True
Crazy Rich Asians (Crazy Rich Asians #1),Five,Â£49.13,True
Counting Thyme,One,Â£10.62,True
Cosmos,Two,Â£36.17,True
Civilization and Its Discontents,Two,Â£59.95,True
Cinder (The Lunar Chronicles #1),One,Â£26.09,True
Catastrophic Happiness: Finding Joy in Childhood's Messy Years,Two,Â£37.35,True
Career of Evil (Cormoran Strike #3),Two,Â£24.72,True
Breaking Dawn (Twilight #4),Five,Â£35.28,True
Brave Enough,Five,Â£51.32,True
Boy Meets Boy,Three,Â£21.12,True
"Born to Run: A Hidden Tribe, Superathletes, and the Greatest Race the World Has Never Seen",Two,Â£27.35,True
Blink: The Power of Thinking Without Thinking,Five,Â£21.74,True
Black Flags: The Rise of ISIS,One,Â£40.87,True
"Black Butler, Vol. 1 (Black Butler #1)",One,Â£49.31,True
Big Little Lies,One,Â£22.11,True
Between Shades of Gray,Five,Â£20.79,True
Best of My Love (Fool's Gold #20),Two,Â£27.41,True
Beowulf,Two,Â£38.35,True
Beautiful Creatures (Caster Chronicles #1),Five,Â£21.55,True
Awkward,Two,Â£38.02,True
Ash,Four,Â£22.06,True
Are We There Yet?,Three,Â£10.66,True
Are We Smart Enough to Know How Smart Animals Are?,One,Â£56.58,True
Annie on My Mind,Five,Â£36.83,True
And Then There Were None,Two,Â£35.01,True
A Walk in the Woods: Rediscovering America on the Appalachian Trail,Four,Â£30.48,True
A Visit from the Goon Squad,Five,Â£14.08,True
A Storm of Swords (A Song of Ice and Fire #3),Two,Â£31.22,True
A Heartbreaking Work of Staggering Genius,Five,Â£54.29,True
8 Keys to Mental Health Through Exercise,One,Â£31.04,True
#GIRLBOSS,One,Â£50.96,True
"The Suffragettes (Little Black Classics, #96)",Two,Â£11.89,True
The Sense of an Ending,Three,Â£31.38,True
"The Sandman, Vol. 2: The Doll's House (The Sandman (volumes) #2)",One,Â£54.81,True
The Course of Love,Three,Â£16.78,True
Sugar Rush (Offensive Line #2),One,Â£24.42,True
"Saga, Volume 2 (Saga (Collected Editions) #2)",Three,Â£11.75,True
"Run, Spot, Run: The Ethics of Keeping Pets",One,Â£20.02,True
New Moon (Twilight #2),Four,Â£12.86,True
Life,Five,Â£31.58,True
Kindle Paperwhite User's Guide,Three,Â£34.00,True
H is for Hawk,Five,Â£57.42,True
Girl Online On Tour (Girl Online #2),One,Â£53.47,True
"Fruits Basket, Vol. 2 (Fruits Basket #2)",Five,Â£11.64,True
Diary of a Minecraft Zombie Book 1: A Scare of a Dare (An Unofficial Minecraft Book),Four,Â£52.88,True
"Y: The Last Man, Vol. 1: Unmanned (Y: The Last Man #1)",Four,Â£18.51,True
While You Were Mine,Five,Â£41.32,True
Where Lightning Strikes (Bleeding Stars #3),Three,Â£39.77,True
When I'm Gone,Three,Â£51.96,True
Ways of Seeing,Five,Â£39.51,True
"Vampire Knight, Vol. 1 (Vampire Knight #1)",One,Â£15.40,True
Vampire Girl (Vampire Girl #1),Two,Â£53.82,True
Twenty Love Poems and a Song of Despair,Four,Â£30.95,True
Travels with Charley: In Search of America,Five,Â£57.82,True
Three Wishes (River of Time: California #1),Two,Â£44.18,True
This One Moment (Pushing Limits #1),One,Â£48.71,True
The Zombie Room,Five,Â£19.69,True
"The Wicked + The Divine, Vol. 1: The Faust Act (The Wicked + The Divine)",Two,Â£36.52,True
The Tumor,Five,Â£41.56,True
The Story of Hong Gildong,Four,Â£43.19,True
The Silent Wife,Five,Â£12.34,True
The Silent Twin (Detective Jennifer Knight #3),Three,Â£36.25,True
The Selfish Gene,One,Â£29.45,True
The Secret Healer,Three,Â£34.56,True
"The Sandman, Vol. 1: Preludes and Nocturnes (The Sandman (volumes) #1)",Three,Â£54.12,True
The Republic,Three,Â£33.78,True
The Odyssey,Three,Â£29.64,True
The No. 1 Ladies' Detective Agency (No. 1 Ladies' Detective Agency #1),Four,Â£57.70,True
The Nicomachean Ethics,One,Â£36.34,True
The Name of the Wind (The Kingkiller Chronicle #1),Three,Â£50.59,True
The Mirror & the Maze (The Wrath and the Dawn #1.5),One,Â£29.38,True
The Little Prince,Two,Â£45.42,True
The Light of the Fireflies,One,Â£54.43,True
The Last Girl (The Dominion Trilogy #1),Two,Â£36.26,True
The Iliad,One,Â£16.16,True
The Hook Up (Game On #1),Five,Â£36.29,True
The Haters,Five,Â£27.89,True
The Girl You Lost,Five,Â£12.29,True
The Girl In The Ice (DCI Erika Foster #1),Three,Â£15.85,True
The End of the Jesus Era (An Investigation #1),One,Â£14.40,True
The Edge of Reason (Bridget Jones #2),Four,Â£19.18,True
The Complete Maus (Maus #1-2),Three,Â£10.64,True
The Communist Manifesto,Three,Â£14.76,True
The Bhagavad Gita,Three,Â£57.49,True
The Bette Davis Club,Three,Â£30.66,True
The Art of Not Breathing,Four,Â£40.83,True
Taking Shots (Assassins #1),Two,Â£18.88,True
Starlark,Three,Â£25.83,True
"Skip Beat!, Vol. 01 (Skip Beat! #1)",Three,Â£42.12,True
Sister Sable (The Mad Queen #1),Three,Â£13.33,True
Shatter Me (Shatter Me #1),One,Â£42.40,True
Shameless,Three,Â£58.35,True
Shadow Rites (Jane Yellowrock #10),Four,Â£21.72,True
Settling the Score (The Summer Games #1),Two,Â£44.91,True
Sense and Sensibility,One,Â£37.46,True
"Saga, Volume 1 (Saga (Collected Editions) #1)",One,Â£28.48,True
"Rhythm, Chord & Malykhin",Two,Â£28.34,True
"Rat Queens, Vol. 1: Sass & Sorcery (Rat Queens (Collected Editions) #1-5)",Five,Â£46.96,True
Paradise Lost (Paradise #1),One,Â£24.96,True
"Paper Girls, Vol. 1 (Paper Girls #1-5)",Four,Â£21.71,True
"Ouran High School Host Club, Vol. 1 (Ouran High School Host Club #1)",Three,Â£29.87,True
Origins (Alphas 0.5),One,Â£28.99,True
One Second (Seven #7),Two,Â£52.94,True
On the Road (Duluoz Legend),Three,Â£32.36,True
Old Records Never Die: One Man's Quest for His Vinyl and His Past,Two,Â£55.66,True
Off Sides (Off #1),Five,Â£39.45,True
Of Mice and Men,Two,Â£47.11,True
Myriad (Prentor #1),Four,Â£58.75,True
My Perfect Mistake (Over the Top #1),Two,Â£38.92,True
"Ms. Marvel, Vol. 1: No Normal (Ms. Marvel (2014-2015) #1)",Four,Â£39.39,True
Meditations,Two,Â£25.89,True
Matilda,One,Â£28.34,True
Lost Among the Living,Four,Â£27.70,True
Lord of the Flies,Three,Â£24.89,True
Listen to Me (Fusion #1),Three,Â£58.99,True
Kitchens of the Great Midwest,Five,Â£57.20,True
Jane Eyre,Five,Â£38.43,True
Imperfect Harmony,Four,Â£34.74,True
Icing (Aces Hockey #2),Four,Â£40.44,True
"Hawkeye, Vol. 1: My Life as a Weapon (Hawkeye #1)",Three,Â£45.24,True
Having the Barbarian's Baby (Ice Planet Barbarians #7.5),Four,Â£34.96,True
"Giant Days, Vol. 1 (Giant Days #1-4)",Four,Â£56.76,True
"Fruits Basket, Vol. 1 (Fruits Basket #1)",Five,Â£40.28,True
Frankenstein,Two,Â£38.00,True
Forever Rockers (The Rocker #12),Three,Â£28.80,True
Fighting Fate (Fighting #6),Three,Â£39.24,True
Emma,Two,Â£32.93,True
"Eat, Pray, Love",Three,Â£51.32,True
Deep Under (Walker Security #1),Five,Â£47.09,True
Choosing Our Religion: The Spiritual Lives of America's Nones,Four,Â£28.42,True
Charlie and the Chocolate Factory (Charlie Bucket #1),Three,Â£22.85,True
Charity's Cross (Charles Towne Belles #4),One,Â£41.24,True
Bright Lines,Five,Â£39.07,True
Bridget Jones's Diary (Bridget Jones #1),One,Â£29.82,True
Bounty (Colorado Mountain #7),Four,Â£37.26,True
Blood Defense (Samantha Brinkman #1),Three,Â£20.30,True
"Bleach, Vol. 1: Strawberry and the Soul Reapers (Bleach #1)",Five,Â£34.65,True
Beyond Good and Evil,One,Â£43.38,True
Alice in Wonderland (Alice's Adventures in Wonderland #1),One,Â£55.53,True
"Ajin: Demi-Human, Volume 1 (Ajin: Demi-Human #1)",Four,Â£57.06,True
A Spy's Devotion (The Regency Spies of London #1),Five,Â£16.97,True
1st to Die (Women's Murder Club #1),One,Â£53.98,True
"1,000 Places to See Before You Die",Five,Â£26.08,True
